{
    "image_size": {
        "img_width": 600,
        "img_height": 337
    },
    "lu": {
        "x": 0.25833333333333336,
        "y": 0.3264094955489614
    },
    "ru": {
        "x": 0.6,
        "y": 0.2878338278931751
    },
    "rb": {
        "x": 0.6183333333333333,
        "y": 0.6142433234421365
    },
    "lb": {
        "x": 0.29333333333333333,
        "y": 0.6824925816023739
    }
}