{
    "image_size": {
        "img_width": 600,
        "img_height": 337
    },
    "lu": {
        "x": 0.09,
        "y": 0.19584569732937684
    },
    "ru": {
        "x": 0.845,
        "y": 0.2195845697329377
    },
    "rb": {
        "x": 0.83,
        "y": 0.8160237388724035
    },
    "lb": {
        "x": 0.08333333333333333,
        "y": 0.8071216617210683
    }
}